Abington Heights High School,,PA
Academic Magnet High School,,SC
Academy for Health and Medical Sciences,,NJ
Acton-Boxborough Regional High School,,MA
Adlai E. Stevenson High School,,IL
Advanced Technologies Academy,,NV
Albemarle High School,,VA
Albuquerque Academy,,NM
Albuquerque Area Home Schoolers,,NM
Allen County-Scottsville High School,,KY
Allendale High School,,MI
Allentown Central Catholic High School,,PA
Ames High School,,IA
Amherst-Pelham Regional High School,,MA
Arcadia High School,,CA
Archimedean Upper Conservatory,,FL
Archmere Academy,,DE
Athens Area High School,,PA
Atholton High School,,MD
Atkins Academic and Technology High School,,NC
Auburn High School,,AL
Avon Lake High School,,OH
B. Reed Henderson High School,,PA
BASIS Independent Silicon Valley,,CA
"BASIS Independent Washington, D.C.",,DC
Barrington High School,,RI
Baton Rouge Magnet High School,,LA
Baxter Academy for Technology and Science,,ME
Bayard Rustin High School,,PA
Belvidere High School,,IL
Benjamin Franklin High School,,LA
Bergen County Academies,,NJ
Billings Central Catholic High School,,MT
Bishop Kelly High School,,ID
Bishop McDevitt High School,,PA
Bismarck High School,,ND
Blacksburg High School,,VA
Bloomington High School North,,IN
Blue Valley North High School,,KS
Blue Valley West High School,,KS
Boca Raton Community High School,,FL
Bothell High School,,WA
Brentwood High School,,NY
Brentwood High School,,TN
Briar Woods High School,,VA
Bridgewater-Raritan High School,,NJ
Brighton High School,,NY
Broad Run High School,,VA
Brookings High School,,SD
Brooklyn Technical High School,,NY
Brookwood High School,,GA
Buffalo Grove High School,,IL
Cabell Midland High School,,WV
California Connections Academy,,CA
Camas High School,,WA
Campbell County High School,,WY
Canton High School,,MI
Canyon High School,,CA
Cape Henry Collegiate School,,VA
Cardinal Gibbons High School,,FL
Cardozo Senior High School,,DC
Carmel High School,,IN
Cary Academy,,NC
Casady School,,OK
Catalina Foothills High School,,AZ
Cathedral High School,,MS
Cedar Cliff High School,,PA
Cedar Ridge High School,,NC
Centennial High School,,MD
Centennial High School,,NM
Centennial High School,,NV
Centerville High School,,OH
Central Bucks High School South,,PA
Central Valley High School,,NE
Central York High School,,PA
Centreville High School,,VA
Cerritos High School,,CA
Chaminade High School,,NY
Chantilly High School,,VA
Chapel Hill High School,,NC
Charlottesville High School,,VA
Charter School of Wilmington,,DE
Chattahoochee High School,,GA
Chelsea Academy,,VA
Cherry Hill East High School,,NJ
Cherry Hill High School East,,NJ
Clayton High School,,MO
Clinton High School,,SC
Collegiate School,,NY
Columbia High School,,NY
Conestoga High School,,PA
Corona del Mar High School,,CA
Cortland High School,,NY
Crystal Lake Central High School,,IL
Cumberland Valley High School,,PA
Davidson Academy,,NV
Davis High School,,UT
Deep Creek High School,,VA
Delaware Military Academy,,DE
Deposit Central School,,NY
Duchesne Academy of the Sacred Heart,,NE
Dulles High School,,TX
Durham Academy,,NC
Eagan High School,,MN
East Brunswick High School,,NJ
East Grand Rapids High School,,MI
East Lansing High School,,MI
Eastview High School,,MN
Ed W. Clark High School,,NV
Eden Prairie High School,,MN
Edison High School,,CA
Episcopal High School,,VA
Fairfax High School,,VA
Faith Homeschool,,NC
Falmouth High School,,ME
Faribault High School,,MN
Farmington High School,,CT
Farragut High School,,TN
Fayetteville Christian School,,NC
Fayetteville-Manlius High School,,NY
Flint Hill School,,VA
Floyd E. Kellam High School,,VA
Fossil Ridge High School,,CO
Fox Homeschoolers,,IL
Freedom High School,,VA
Fulton Science Academy,,GA
Garnet Valley High School,,PA
George C. Marshall High School,,VA
Glen A. Wilson High School,,CA
Glenbard West High School,,IL
Glenbrook South High School,,IL
Grand Haven High School,,MI
Great Neck South High School,,NY
Green Hope High School,,NC
Green Valley High School,,NV
"Gwinnett School of Mathematics, Science, and Technology",,GA
Hamilton High School,,AZ
Hamilton High School,,MT
Hampden Charter School of Science - West,,MA
Harriton High School,,PA
Haverford High School,,PA
Hayfield Secondary School,,VA
Helena High School,,MT
Hemingford High School,,NE
Hershey High School,,PA
Hillsborough High School,,NJ
Homeschool Science Colorado,,CO
Hopkins School,,CT
Horizon Science Academy Cleveland High School,,OH
Hun School of Princeton,,NJ
Hunter College High School,,NY
Iolani School,,HI
Irvine High School,,CA
Islip High School,,NY
J.E.B. Stuart High School,,VA
J.R. Tucker High School,,VA
James Madison High School,,VA
James S. Rickards High School,,FL
Jamestown High School,,VA
Janesville Junior-Senior High School,,IA
Jericho High School,,NY
John Champe High School,,VA
John F. Kennedy High School,,MD
John Hancock College Prep High School,,IL
John Jay High School,Hopewell Junction,NY
John P. Stevens High School,,NJ
John R. Lewis High School,,VA
Johnson-Brock Public School,,NE
Joliet Central High School,,IL
Joliet West High School,,IL
Jordan High School,,NC
Julia R. Masterman Laboratory and Demonstration School,,PA
Justice High School,,VA
Kaiyo Academy,,JP
Kane Area High School,,PA
Kellenberg Memorial High School,,NY
Kelly Walsh High School,,WY
Kutztown Area High School,,PA
La Cueva High School,,NM
Ladue Horton Watkins High School,,MO
Lake Braddock Secondary School,,VA
Lake Central High School,,IN
Lake Forest Academy,,IL
Lake Placid High School,,NY
Lane Tech College Prep High School,,IL
Langley High School,,VA
Latin School of Chicago Upper School,,IL
Lee Early College,,NC
Legacy High School,,ND
Lehighton Area High School,,PA
Leon M. Goldstein High School for the Sciences,,NY
Lexington High School,,MA
Liberal Arts and Science Academy,,TX
Lincoln Southwest High School,,NE
Little Rock Central High School,,AR
Longmeadow High School,,MA
Los Alamitos High School,,CA
Lower Merion High School,,PA
Lyme-Old Lyme High School,,CT
Madison West High School,,WI
Manheim Central High School,,PA
Maple Mountain High School,,UT
Marquette University High School,,WI
Marshall High School,,VA
Mason High School,,OH
Mat-Su Career and Technical High School,,AK
McLean High School,,VA
Mclean High School,,VA
Menomonie High School,,WI
Mentor High School,,OH
Merrimack High School,,NH
Metea Valley High School,,IL
Middle Creek High School,,NC
"Middlesex County Academy for Science, Mathematics and Engineering Technologies",,NJ
Mililani High School,,HI
Milpitas High School,,CA
Mira Loma High School,,CA
Mission San Jose High School,,CA
Mission Viejo High School,,CA
Mississippi School for Mathematics and Science,,MS
Montgomery Bell Academy,,TN
Montgomery High School,,NJ
Mounds View High School,,MN
Mount Academy,,NY
Mountain View High School,,CA
Mt. Lebanon High School,,PA
Munster High School,,IN
Naperville North High School,,IL
National Cathedral School,,DC
New Trier High School,,IL
Niles West High School,,IL
Noble and Greenough School,,MA
Norman North High School,,OK
North Carolina School of Science and Mathematics,,NC
North Clarion Junior/Senior High School,,PA
North Creek High School,,WA
North Hollywood High School,,CA
North Mecklenburg High School,,NC
North Penn High School,,PA
North Pocono High School,,PA
Northside College Prep High School,,IL
Northville High School,,MI
Northwest Rankin High School,,MS
Northwestern Lehigh High School,,PA
Norwin High School,,PA
Oakcrest School,,VA
Oakton High School,,VA
Obra D. Tompkins High School,,TX
Ogden International High School,,IL
Oklahoma School of Science and Mathematics,,OK
Olathe North High School,,KS
Orono High School,,MN
Osbourn Park High School,,VA
Oxford High School,,MS
Pacifica Christian High School,,CA
Palo Alto High School,,CA
Parkersburg High School,,WV
Parkland High School,,PA
Parsippany High School,,NJ
Paterson Arts and Science Charter School,,NJ
Patriot High School,,VA
Pearl City High School,,HI
Pembroke Hill School,,MO
Penncrest High School,,PA
Perkiomen Valley High School,,PA
Philadelphia High School for Girls,,PA
Phillips Exeter Academy,,NH
Pinnacle Academy,,VA
Pioneer High School,Ann Arbor,MI
Plainfield North High School,,IL
Plattsburgh High School,,NY
Plymouth Whitemarsh High School,,PA
Portola High School,,CA
Potomac Falls High School,,VA
Poudre High School,,CO
Powhatan High School,,VA
Prairie Ridge High School,,IL
Prattville High School,,AL
Princeton Day School,,NJ
Princeton High School,,NJ
Quaker Valley High School,,PA
Quarry Lane School,,CA
Raleigh Charter High School,,NC
Rancho High School,,NV
Randolph School,,AL
Red Land High School,,PA
Reservoir High School,,MD
River Hill High School,,MD
Robert E. Lee High School,Springfield,VA
Robert E. Lee High School,Staunton,VA
Robinson Secondary School,,VA
Rock Ridge High School,,VA
Russell High School,,KY
Sacred Heart Greenwich High School,,CT
Saint Anthony's High School,,NY
Saint Johnsbury Academy,,VT
Saline High School,,MI
San Ramon Valley High School,,CA
Scarsdale High School,,NY
Seven Lakes High School,,TX
Shady Side Academy Senior School,,PA
Sheldon High School,,CA
Solon High School,,OH
South Brunswick High School,,NJ
South Burlington High School,,VT
South County High School,,VA
South Lakes High School,,VA
Southwest Virginia Governor's School,,VA
Spruce Creek High School,,FL
St. Anthony's High School,,NY
St. Edward High School,,OH
St. Ignatius High School,,OH
St. John's Preparatory School,,NY
St. Johnsbury Academy,,VT
St. Joseph's Collegiate Institute,,NY
St. Joseph's Preparatory High School,,PA
St. Martin's Episcopal School,,LA
St. Mary's Academy,,OR
St. Michael-Albertville High School,,MN
Stafford High School,,VA
Staples High School,,CT
State College Area High School,,PA
Staten Island Technical High School,,NY
Stone Bridge High School,,VA
Strath Haven High School,,PA
Stroudsburg High School,,PA
Stuyvesant High School,,NY
Sun Valley High School,,PA
Swenson Arts and Technology High School,,PA
Sylvania Southview High School,,OH
Syosset High School,,NY
Tampa Preparatory School,,FL
Tandem Friends School,,VA
Tesla STEM High School,,WA
Tesoro High School,,CA
Texas Academy of Math and Science,,TX
The Bronx High School of Science,,NY
The College Preparatory School,,CA
The Shipley School,,PA
Thomas A. Edison High School,,VA
Thomas Jefferson High School for Science and Technology,,VA
Thunder Basin High School,,WY
Tomball Memorial High School,,TX
Townsend Harris High School,,NY
Treasure Valley Homeschool,,ID
Triangle Math and Science Academy,,NC
Troy High School,,CA
Troy High School,,MI
Union Endicott High School,,NY
Union High School,,OK
University High School,,AZ
Upper Dublin High School,,PA
Utah County Academy of Sciences,,UT
Valencia High School,,CA
Van Nuys High School,,CA
Venice High School,,CA
Vernon Hills High School,,IL
Vestal High School,,NY
W.T. Woodson High School,,VA
Wake Early College of Health and Sciences,,NC
Wakefield High School,,VA
Walter Johnson High School,,MD
Walter Payton College Prep High School,,IL
Walton High School,,GA
Ward Melville High School,,NY
Waterville Senior High School,,ME
Waubonsie Valley High School,,IL
Waynflete Upper School,,ME
Wayzata High School,,MN
West Career and Technical Academy,,NV
West High School,,UT
West High School,Torrance,CA
West Potomac High School,,VA
West Springfield High School,,VA
West Windsor-Plainsboro High School North,,NJ
West Windsor-Plainsboro High School South,,NJ
Westborough High School,,MA
Westfield High School,,VA
Westlake High School,,OH
Westside High School,,NE
Westview High School,,OR
Wetumpka High School,,AL
White Station High School,,TN
Whitehall High School,,PA
Whiting High School,,IN
Whitney M. Young Magnet High School,,IL
William G. Enloe High School,,NC
William Jones College Prep High School,,IL
William P. Clements High School,,TX
Winchester Thurston School,,PA
Woodberry Forest School,,VA
Wyoming Area High School,,PA
Yankton High School,,SD
duPont Manual High School,,KY